2X1O, A
2X1P, D
2X1Q, A
2X6M, B
2X6M, A
2X89, C
2X89, F
2XT1, A
2XT1, B
2XV6, A
2XXM, T
3CFI, C
3CFI, A
3DWT, A
3EAK, A
3EBA, B
3EBA, A
3EZJ, F
3G9A, B
3JBC, 7
3JBC, 4
3JBD, 7
3JBE, 7
3JBF, 7
3JBG, 7
3K1K, C
3K74, B
3OGO, E
3P0G, B
3SN6, G
3SN6, N
3STB, D
3STB, A
3STB, C
3ZKQ, D
4AQ1, D
4C57, C
4C58, B
4CDG, C
4EIG, B
4EIZ, C
4FHB, D
4GFT, A
4GFT, B
4GGN, A
4GGN, E
4GRW, G
4GRW, H
4GRW, F
4HEM, F
4HEP, G
4I0C, D
4I13, B
4I1N, B
4IOS, D
4IOS, A
4JVP, A
4KML, B
4KRL, B
4KRN, A
4KRP, B
4LDE, B
4LGP, D
4LGR, B
4LGS, B
4LHJ, B
4LHQ, D
4MQS, B
4N9O, B
4N9O, A
4OCL, C
4P2C, G
4P2C, B
4QGY, A
4QLR, B
4S10, A
4S10, D
4S11, A
4W6W, B
4W6X, B
4W6Y, B
4WEM, B
4WEN, B
4WEU, E
4WGV, B
4X7C, C
4X7F, C
4XT1, B
4XT1, C
4Z9K, B
4ZG1, E
5BOP, A
5BOZ, J
5C1M, B
5C2U, A
5C2U, B
5C3L, B
5C3L, D
5C3L, H
5DA0, B
5DA4, B
5DFZ, E
5DFZ, G
5DXW, A
5E03, A
5E0Q, A
5E5M, G
5E7B, A
5E7T, A
5F7K, D
5F7L, B
5FOJ, A
5FWO, A
5G5R, A
5G5R, B
5GXB, B
5H8D, A
5H8O, B
5HDO, A
5HVF, B
5HVG, D
5HVH, C
5IMK, B
5IMM, A
5IP4, B
5IP4, E
5IVN, B
5IVN, A
5JA8, A
5JA8, D
5JA9, C
5JA9, A
5JDS, B
5JDS, A
5JQH, C
5KTZ, 7
5KU0, 7
5KU2, 7
5KWL, 7
5LHR, B
5LMJ, D
5LMW, A
5LZ0, A
5M13, B
5M14, D
5M15, C
5M2M, H
5M2W, A
5M2Y, A
5M7Q, A
5M94, D
5MJE, A
5MJE, B
5MWN, N
5MY6, B
5NBD, C
5NBL, G
5NBM, G
5NBN, H
5NLU, A
5NM0, C
5NQW, C
5O02, C
5O03, D
5O04, C
5O04, F
5O05, D
5O0W, G
5O2U, B
5O8F, M
5O8F, K
5OCL, H
5OCL, D
5OMM, C
5OMN, C
5TD8, C
5TD8, E
5TD8, D
5TJW, K
5TOJ, F
5TOK, F
5TP3, A
5U64, B
5U65, A
5UK4, o
5UK4, u
5UKB, c
5USF, C
5VAI, P
5VAK, B
5VAQ, C
5VL2, G
5VLV, A
5VM0, A
5VM4, C
5VNV, A
5WB2, D
5WB2, B
5WOV, A
5WOW, A
5Y7Z, D
6B20, F
6B20, D
6B3J, G
6B3J, P
6B73, D
6C5W, E
6C9W, B
6DBA, A
6DBD, D
6DBE, B
6DO1, E
6DO1, G
6DYX, D
6E3Y, E
6E3Y, P
6EHG, C
6EQI, A
6EQI, B
6EY0, F
6EY6, K
6EZW, B
6FE4, E
6FE4, I
6FUZ, N
6GCI, B
6GDG, C
6GS1, H
6H02, B
6H15, C
6H16, B
6H1F, A
6H1F, B
6H6Y, H
6H6Z, C
6H71, C
6H7J, F
6H7J, C
6H7L, D
6I6J, C
6IYN, A
6MXT, N
6N4Y, G
6NFJ, C
6NFJ, E
6NIY, P
